{"count":1,"self":961.05482239999992,"total":2528.246347,"children":{"InitializeActuators":{"count":18,"self":0.0057129999999999993,"total":0.0057129999999999993,"children":null},"InitializeSensors":{"count":18,"self":0.008791,"total":0.008791,"children":null},"AgentSendState":{"count":967501,"self":127.12204799999999,"total":481.584394,"children":{"CollectObservations":{"count":3483018,"self":4.4008959999999995,"total":4.4008959999999995,"children":null},"WriteActionMask":{"count":3483018,"self":1.201058,"total":1.201058,"children":null},"RequestDecision":{"count":3483018,"self":5.8326319999999994,"total":348.860386,"children":{"AgentInfo.ToProto":{"count":3483018,"self":5.080524,"total":343.02775399999996,"children":{"GenerateSensorData":{"count":3483018,"self":331.78068479999996,"total":337.94723,"children":{"RayPerceptionSensor.Perceive":{"count":3483018,"self":6.166548,"total":6.166548,"children":null}}}}}}}}},"DecideAction":{"count":967501,"self":1079.2292352,"total":1079.229272,"children":null},"AgentAct":{"count":967501,"self":5.982364,"total":6.168322,"children":{"AgentInfo.ToProto":{"count":1187,"self":0.0031019999999999997,"total":0.18595799999999998,"children":{"GenerateSensorData":{"count":1187,"self":0.1797,"total":0.182856,"children":{"RayPerceptionSensor.Perceive":{"count":1187,"self":0.003156,"total":0.003156,"children":null}}}}}}},"AgentInfo.ToProto":{"count":1478,"self":0.0048119999999999994,"total":0.19239699999999998,"children":{"GenerateSensorData":{"count":1478,"self":0.183443,"total":0.187585,"children":{"RayPerceptionSensor.Perceive":{"count":1478,"self":0.004142,"total":0.004142,"children":null}}}}}},"gauges":{"My Behavior.CumulativeReward":{"count":2665,"max":96.55007,"min":-100,"runningAverage":46.62069,"value":37.6000175,"weightedAverage":9.530406}},"metadata":{"timer_format_version":"0.1.0","start_time_seconds":"1705514759","unity_version":"2022.3.10f1","command_line_arguments":"\/Applications\/Unity\/Hub\/Editor\/2022.3.10f1\/Unity.app\/Contents\/MacOS\/Unity -projectpath \/Users\/laurendemaio\/Documents\/GitHub\/IndStudyLaurDem -useHub -hubIPC -cloudEnvironment production -licensingIpc LicenseClient-laurendemaio -hubSessionId f87044c6-36a7-425f-8c37-93bbe3524f93 -accessToken a9gVlrJDfBHdTSxhzBWbVC1w7Nlu81zy92FSt0nyqT0002f","communication_protocol_version":"1.5.0","com.unity.ml-agents_version":"2.0.1","scene_name":"SampleScene","end_time_seconds":"1705517288"}}