{"count":1,"self":808.05596159999993,"total":8920.941082,"children":{"InitializeActuators":{"count":9,"self":0.000646,"total":0.000646,"children":null},"InitializeSensors":{"count":9,"self":0.000927,"total":0.000927,"children":null},"AgentSendState":{"count":2284484,"self":13.2450288,"total":4079.6924299999996,"children":{"CollectObservations":{"count":4112073,"self":7.8531271999999994,"total":7.853127,"children":null},"WriteActionMask":{"count":4112073,"self":2.089314,"total":2.089314,"children":null},"RequestDecision":{"count":4112073,"self":10.872287199999999,"total":4056.5049599999998,"children":{"AgentInfo.ToProto":{"count":4112073,"self":9.3041799999999988,"total":4045.6326729999996,"children":{"GenerateSensorData":{"count":4112073,"self":30.732934399999998,"total":4036.328493,"children":{"CameraSensor.GetCompressedObservation":{"count":4112073,"self":4005.5955455999997,"total":4005.5955569999996,"children":null}}}}}}}}},"DecideAction":{"count":2284484,"self":4017.446912,"total":4017.4467109999996,"children":null},"AgentAct":{"count":2284484,"self":10.761881599999999,"total":12.440477999999999,"children":{"AgentInfo.ToProto":{"count":1239,"self":0.005239,"total":1.678596,"children":{"GenerateSensorData":{"count":1239,"self":0.016901,"total":1.673357,"children":{"CameraSensor.GetCompressedObservation":{"count":1239,"self":1.656456,"total":1.656456,"children":null}}}}}}},"AgentInfo.ToProto":{"count":2644,"self":0.011101999999999999,"total":3.3036749999999997,"children":{"GenerateSensorData":{"count":2644,"self":0.031785,"total":3.292573,"children":{"CameraSensor.GetCompressedObservation":{"count":2644,"self":3.260788,"total":3.260788,"children":null}}}}}},"gauges":{"My Behavior.CumulativeReward":{"count":3883,"max":96.7500839,"min":-196.6498,"runningAverage":39.9140778,"value":38.5000038,"weightedAverage":47.95985}},"metadata":{"timer_format_version":"0.1.0","start_time_seconds":"1710011898","unity_version":"2022.3.18f1","command_line_arguments":"\/Applications\/Unity\/Hub\/Editor\/2022.3.18f1\/Unity.app\/Contents\/MacOS\/Unity -projectpath \/Users\/laurendemaio\/Documents\/GitHub\/IndStudyLaurDem -useHub -hubIPC -cloudEnvironment production -licensingIpc LicenseClient-laurendemaio -hubSessionId 913620e5-55c3-491e-834e-d44626b235b9 -accessToken duNRMAJuJq96Qg6S2ysBPZd0SNjneRbKpuu8ALKlIDE002f","communication_protocol_version":"1.5.0","com.unity.ml-agents_version":"2.0.1","scene_name":"SampleScene","end_time_seconds":"1710020819"}}