{"count":1,"self":1275.0276608,"total":4002.856929,"children":{"InitializeActuators":{"count":18,"self":0.000768,"total":0.000768,"children":null},"InitializeSensors":{"count":18,"self":0.001036,"total":0.001036,"children":null},"AgentSendState":{"count":961784,"self":155.86336,"total":183.904499,"children":{"CollectObservations":{"count":3462426,"self":2.287927,"total":2.287927,"children":null},"WriteActionMask":{"count":3462426,"self":0.82765499999999992,"total":0.82765499999999992,"children":null},"RequestDecision":{"count":3462426,"self":3.8124979999999997,"total":24.925553999999998,"children":{"AgentInfo.ToProto":{"count":3462426,"self":3.5210808,"total":21.113056,"children":{"GenerateSensorData":{"count":3462426,"self":13.980313599999999,"total":17.591974999999998,"children":{"RayPerceptionSensor.Perceive":{"count":3462426,"self":3.6116607999999997,"total":3.611661,"children":null}}}}}}}}},"DecideAction":{"count":961784,"self":2539.1861759999997,"total":2539.186179,"children":null},"AgentAct":{"count":961784,"self":4.7083927999999995,"total":4.7192039999999995,"children":{"AgentInfo.ToProto":{"count":1184,"self":0.002057,"total":0.010811,"children":{"GenerateSensorData":{"count":1184,"self":0.0068909999999999996,"total":0.008754,"children":{"RayPerceptionSensor.Perceive":{"count":1184,"self":0.0018629999999999999,"total":0.0018629999999999999,"children":null}}}}}}},"AgentInfo.ToProto":{"count":1753,"self":0.003498,"total":0.017196,"children":{"GenerateSensorData":{"count":1753,"self":0.010712,"total":0.013698,"children":{"RayPerceptionSensor.Perceive":{"count":1753,"self":0.002986,"total":0.002986,"children":null}}}}}},"gauges":{"My Behavior.CumulativeReward":{"count":2937,"max":99.5514755,"min":-100,"runningAverage":42.5210724,"value":49.29984,"weightedAverage":54.1763344}},"metadata":{"timer_format_version":"0.1.0","start_time_seconds":"1708121827","unity_version":"2022.3.18f1","command_line_arguments":"\/Applications\/Unity\/Hub\/Editor\/2022.3.18f1\/Unity.app\/Contents\/MacOS\/Unity -projectpath \/Users\/laurendemaio\/Documents\/GitHub\/IndStudyLaurDem -useHub -hubIPC -cloudEnvironment production -licensingIpc LicenseClient-laurendemaio -hubSessionId 5f16dfad-7b6c-40c3-bf59-fe4bd5feb016 -accessToken kdSjE-kQl6g9qbEoNJIfrU1JQckknvpEOwoHkwVh4E8002f","communication_protocol_version":"1.5.0","com.unity.ml-agents_version":"2.0.1","scene_name":"SampleScene","end_time_seconds":"1708125830"}}